﻿<?xml version="1.0" encoding="utf-8"?>
<metadata>
  <idinfo>
    <citation>
      <citeinfo>
        <origin>Department of Commerce (DOC), National Oceanic and Atmospheric Administration (NOAA), National Ocean Service (NOS), Office for Coastal Management (OCM)</origin>
        <origin>NOAA Marine Protected Areas Center, Bureau of Ocean Energy Management</origin>
        <pubdate>201510</pubdate>
        <title>Ocean Uses: Oregon and Washington (PROUA)</title>
        <pubinfo>
          <pubplace>Charleston, SC</pubplace>
          <publish>NOAA's Ocean Service, Office for Coastal Management (OCM)</publish>
        </pubinfo>
        <onlink>ftp://ftp.coast.noaa.gov/pub/MSP/OceanUsesOregonWashingtonPROUA.zip</onlink>
        <onlink>https://coast.noaa.gov/arcgis/rest/services/MarineCadastre/OceanUsesOregonWashingtonPROUA/MapServer</onlink>
        <onlink>http://www.marinecadastre.gov/data</onlink>
        <onlink>https://www.coast.noaa.gov/</onlink>
      </citeinfo>
    </citation>
    <descript>
      <abstract>This Pacific Regional Ocean Uses Atlas (PROUA) Project is an innovative partnership between NOAA and the Bureau of Ocean Energy Management (BOEM) designed to document where coastal communities in Oregon and Washington use the ocean across a full range of typical human activities and sectors. Using participatory mapping techniques, the project offers a proven, flexible, and scalable approach allowing coastal communities to consider an accurate account of human use for ocean planning. Tribal uses of the ocean were not mapped explicitly, though tribal chairs and/or their designated representatives were formally invited by BOEM to participate in the mapping workshops. The sharing of tribal use information was dependent upon each tribe’s determination of whether the mapping workshops were an appropriate forum for sharing such information. Any tribal use information shared during the workshops was incorporated into the defined use categories. Thus, the atlas data and map products do not explicitly depict tribal use. For more information on the project, please visit http://marinecadastre.gov/oceanuses/.</abstract>
      <purpose>To support coastal and ocean planning and other activities pursuant to the Energy Policy Act, Coastal Zone Management Act, Magnuson-Stevens Fishery Conservation and Management Act, National Environmental Policy Act, Rivers and Harbors Act and the Submerged Lands Act.</purpose>
    </descript>
    <timeperd>
      <timeinfo>
        <sngdate>
          <caldate>201510</caldate>
        </sngdate>
      </timeinfo>
      <current>publication date</current>
    </timeperd>
    <status>
      <progress>Complete</progress>
      <update>As needed</update>
    </status>
    <spdom>
      <bounding>
        <westbc>-129.177910</westbc>
        <eastbc>-123.333489</eastbc>
        <northbc>48.515996</northbc>
        <southbc>41.988024</southbc>
      </bounding>
    </spdom>
    <keywords>
      <theme>
        <themekt>ISO 19115 Topic Category</themekt>
        <themekey>oceans</themekey>
        <themekey>environment</themekey>
        <themekey>geoscientificInformation</themekey>
        <themekey>society</themekey>
      </theme>
      <theme>
        <themekt>None</themekt>
        <themekey>socioeconomics</themekey>
        <themekey>cultural use</themekey>
        <themekey>motorized boating</themekey>
        <themekey>kayaking</themekey>
        <themekey>canoeing</themekey>
        <themekey>paddling</themekey>
        <themekey>permanent research areas</themekey>
        <themekey>sailing</themekey>
        <themekey>scuba</themekey>
        <themekey>snorkeling</themekey>
        <themekey>shore use</themekey>
        <themekey>surface board sports</themekey>
        <themekey>surfing</themekey>
        <themekey>swimming</themekey>
        <themekey>tide pooling</themekey>
        <themekey>wildlife viewing at sea</themekey>
        <themekey>fishing</themekey>
        <themekey>dive fishing</themekey>
        <themekey>gathering from shore</themekey>
        <themekey>benthic fishing</themekey>
        <themekey>pelagic fishing</themekey>
        <themekey>kayak fishing</themekey>
        <themekey>fishing from shore</themekey>
        <themekey>subsistence fishing</themekey>
        <themekey>boat fishing</themekey>
        <themekey>aquaculture</themekey>
        <themekey>marine debris</themekey>
        <themekey>military operations</themekey>
        <themekey>mining and mineral extraction</themekey>
        <themekey>ocean dumping</themekey>
        <themekey>offshore alternative energy</themekey>
        <themekey>cruise ships</themekey>
        <themekey>shipping</themekey>
        <themekey>underwater pipelines</themekey>
        <themekey>underwater transmission cables</themekey>
      </theme>
      <place>
        <placekt>None</placekt>
        <placekey>United States</placekey>
        <placekey>Oregon</placekey>
        <placekey>Washington</placekey>
      </place>
    </keywords>
    <accconst>None</accconst>
    <useconst>These data are intended for coastal and ocean use planning. Not for navigation. http://www.marinecadastre.gov/about/disclaimer.html</useconst>
    <ptcontac>
      <cntinfo>
        <cntorgp>
          <cntorg>NOAA Office for Coastal Management</cntorg>
          <cntper>MarineCadastre.gov Data Steward</cntper>
        </cntorgp>
        <cntpos>MarineCadastre.gov Data Steward</cntpos>
        <cntaddr>
          <addrtype>mailing and physical address</addrtype>
          <address>2234 S Hobson Ave</address>
          <city>Charleston</city>
          <state>SC</state>
          <postal>29405</postal>
        </cntaddr>
        <cntvoice>843.740.1202</cntvoice>
        <cntemail>coastal.info@noaa.gov</cntemail>
      </cntinfo>
    </ptcontac>
  </idinfo>
  <dataqual>
    <attracc>
      <attraccr>The attributes in this dataset are believed to be accurate.</attraccr>
    </attracc>
    <logic>These data are believed to be logically consistent. Geometry is topologically clean.</logic>
    <complete>Spatial and attribute properties are believed to be complete, although attribute information has been simplified. Geometric thresholds from original data are preserved. No tests have been completed for exhaustiveness.</complete>
    <posacc>
      <horizpa>
        <horizpar>Maximum scale of intended use is 1:80,000.</horizpar>
      </horizpa>
    </posacc>
    <lineage>
      <srcinfo>
        <srccite>
          <citeinfo>
            <origin>NOAA Marine Protected Areas Center, Bureau of Ocean Energy Management</origin>
            <pubdate>201504</pubdate>
            <title>OregonWashingtonOceanUsesPROUA</title>
            <onlink>http://marinecadastre.gov/oceanuses/</onlink>
          </citeinfo>
        </srccite>
        <typesrc>online</typesrc>
        <srctime>
          <timeinfo>
            <sngdate>
              <caldate>201504</caldate>
            </sngdate>
          </timeinfo>
          <srccurr>publication date</srccurr>
        </srctime>
        <srccitea>NOAA Office for Coastal Management</srccitea>
        <srccontr>Results from PROUA workshops.</srccontr>
      </srcinfo>
      <procstep>
        <procdesc>
•	Data were digitized by workshop participant groups in Port Angeles and Aberdeen, Washington (April 2013), and Portland, Coos Bay and Newport, Oregon (June 2013).
•	Data from each group were reviewed following the workshop to:
•	Detail any instructions from participants to add/remove areas in post-processing
•	Review GIS technician and facilitator workshop notes for any relevant data-editing comments
•	Discuss any areas that might require special attention or follow up
•	All polygons were clipped to the project boundary to remove land and any marine areas outside the scope of the workshop.
•	Use-specific procedures were performed based on participant input.
•	This involved adding or removing areas as instructed by workshop participants based on certain depths or distances from shore.
•	A spatial join analysis was run for each use using one quarter nautical mile hexagonal micro blocks as the zonal layer to determine the number of groups that identified a use in each grid cell.
•	Data normalized for each use.
•	For the footprint and future use aspects, an analysis cell with any number greater than 0 became a 1.
•	For dominant, if the number of workshop groups who mapped a cell as dominant was at or greater than 50% of the groups who mapped that use, the value became a 1.
•	All other cells became a 0, so that the final field values are binary (1= Yes, 0 = No)
•	Processed data was analyzed for completeness and consistency.
•	If only 2 or fewer groups had knowledge of dominant use for the entire area, all dominant areas were retained.
•	For areas where patterns did not agree, contextual edits were made based on reviewing workshop notes or existing sources and making logical edits where appropriate.
•	Data validation webinars were held to solicit comments on draft maps, and to make edits prior to finalizing data products.
•	A Dissolve was then performed on the data including all attributes in order to improve draw time and response.
</procdesc>
        <procdate>201504</procdate>
      </procstep>
    </lineage>
  </dataqual>
  <spdoinfo>
    <direct>Vector</direct>
  </spdoinfo>
  <spref>
    <horizsys>
      <geograph>
        <latres>0.000001</latres>
        <longres>0.000001</longres>
        <geogunit>Decimal degrees</geogunit>
      </geograph>
      <geodetic>
        <horizdn>North American Datum of 1983</horizdn>
        <ellips>Geodetic Reference System 1980</ellips>
        <semiaxis>6378137.000000</semiaxis>
        <denflat>298.257222</denflat>
      </geodetic>
    </horizsys>
  </spref>
  <eainfo>
    <detailed>
      <enttyp>
        <enttypl>OceanUsesOregonWashingtonPROUA</enttypl>
        <enttypd>Human uses of the ocean.</enttypd>
        <enttypds>NOAA Office for Coastal Management</enttypds>
      </enttyp>
      <attr>
        <attrlabl>OBJECTID</attrlabl>
        <attrdef>Internal feature number.</attrdef>
        <attrdefs>Esri</attrdefs>
        <attrdomv>
          <udom>Sequential unique whole numbers that are automatically generated.</udom>
        </attrdomv>
      </attr>
      <attr>
        <attrlabl>Shape</attrlabl>
        <attrdef>Feature geometry.</attrdef>
        <attrdefs>Esri</attrdefs>
        <attrdomv>
          <udom>Coordinates defining the features.</udom>
        </attrdomv>
      </attr>
      <attr>
        <attrlabl>dominantUseSummary</attrlabl>
        <attrdef>Combined number of dominant uses.</attrdef>
        <attrdefs>NOAA Office for Coastal Management</attrdefs>
        <attrdomv>
          <udom>Value equaling combined number of dominant uses.</udom>
        </attrdomv>
      </attr>
      <attr>
        <attrlabl>culturalUse</attrlabl>
        <attrdef>Cultural Use</attrdef>
        <attrdefs>NOAA Office for Coastal Management</attrdefs>
        <attrdomv>
          <edom>
            <edomv>0</edomv>
            <edomvd>No Use</edomvd>
            <edomvds>NOAA National MPA Center</edomvds>
          </edom>
        </attrdomv>
        <attrdomv>
          <edom>
            <edomv>1</edomv>
            <edomvd>General Use</edomvd>
            <edomvds>NOAA National MPA Center</edomvds>
          </edom>
        </attrdomv>
        <attrdomv>
          <edom>
            <edomv>2</edomv>
            <edomvd>Dominant Use</edomvd>
            <edomvds>NOAA National MPA Center</edomvds>
          </edom>
        </attrdomv>
      </attr>
      <attr>
        <attrlabl>motorizedBoating</attrlabl>
        <attrdef>Motorized Boating</attrdef>
        <attrdefs>NOAA Office for Coastal Management</attrdefs>
        <attrdomv>
          <edom>
            <edomv>0</edomv>
            <edomvd>No Use</edomvd>
            <edomvds>NOAA National MPA Center</edomvds>
          </edom>
        </attrdomv>
        <attrdomv>
          <edom>
            <edomv>1</edomv>
            <edomvd>General Use</edomvd>
            <edomvds>NOAA National MPA Center</edomvds>
          </edom>
        </attrdomv>
        <attrdomv>
          <edom>
            <edomv>2</edomv>
            <edomvd>Dominant Use</edomvd>
            <edomvds>NOAA National MPA Center</edomvds>
          </edom>
        </attrdomv>
      </attr>
      <attr>
        <attrlabl>paddling</attrlabl>
        <attrdef>Paddling</attrdef>
        <attrdefs>NOAA Office for Coastal Management</attrdefs>
        <attrdomv>
          <edom>
            <edomv>0</edomv>
            <edomvd>No Use</edomvd>
            <edomvds>NOAA National MPA Center</edomvds>
          </edom>
        </attrdomv>
        <attrdomv>
          <edom>
            <edomv>1</edomv>
            <edomvd>General Use</edomvd>
            <edomvds>NOAA National MPA Center</edomvds>
          </edom>
        </attrdomv>
        <attrdomv>
          <edom>
            <edomv>2</edomv>
            <edomvd>Dominant Use</edomvd>
            <edomvds>NOAA National MPA Center</edomvds>
          </edom>
        </attrdomv>
      </attr>
      <attr>
        <attrlabl>permResearchAreas</attrlabl>
        <attrdef>Permanent Research Areas</attrdef>
        <attrdefs>NOAA Office for Coastal Management</attrdefs>
        <attrdomv>
          <edom>
            <edomv>0</edomv>
            <edomvd>No Use</edomvd>
            <edomvds>NOAA National MPA Center</edomvds>
          </edom>
        </attrdomv>
        <attrdomv>
          <edom>
            <edomv>1</edomv>
            <edomvd>General Use</edomvd>
            <edomvds>NOAA National MPA Center</edomvds>
          </edom>
        </attrdomv>
        <attrdomv>
          <edom>
            <edomv>2</edomv>
            <edomvd>Dominant Use</edomvd>
            <edomvds>NOAA National MPA Center</edomvds>
          </edom>
        </attrdomv>
      </attr>
      <attr>
        <attrlabl>sailing</attrlabl>
        <attrdef>Sailing</attrdef>
        <attrdefs>NOAA Office for Coastal Management</attrdefs>
        <attrdomv>
          <edom>
            <edomv>0</edomv>
            <edomvd>No Use</edomvd>
            <edomvds>NOAA National MPA Center</edomvds>
          </edom>
        </attrdomv>
        <attrdomv>
          <edom>
            <edomv>1</edomv>
            <edomvd>General Use</edomvd>
            <edomvds>NOAA National MPA Center</edomvds>
          </edom>
        </attrdomv>
        <attrdomv>
          <edom>
            <edomv>2</edomv>
            <edomvd>Dominant Use</edomvd>
            <edomvds>NOAA National MPA Center</edomvds>
          </edom>
        </attrdomv>
      </attr>
      <attr>
        <attrlabl>scubaSnorkeling</attrlabl>
        <attrdef>Scuba/Snorkeling</attrdef>
        <attrdefs>NOAA Office for Coastal Management</attrdefs>
        <attrdomv>
          <edom>
            <edomv>0</edomv>
            <edomvd>No Use</edomvd>
            <edomvds>NOAA National MPA Center</edomvds>
          </edom>
        </attrdomv>
        <attrdomv>
          <edom>
            <edomv>1</edomv>
            <edomvd>General Use</edomvd>
            <edomvds>NOAA National MPA Center</edomvds>
          </edom>
        </attrdomv>
        <attrdomv>
          <edom>
            <edomv>2</edomv>
            <edomvd>Dominant Use</edomvd>
            <edomvds>NOAA National MPA Center</edomvds>
          </edom>
        </attrdomv>
      </attr>
      <attr>
        <attrlabl>shoreUse</attrlabl>
        <attrdef>Shore Use</attrdef>
        <attrdefs>NOAA Office for Coastal Management</attrdefs>
        <attrdomv>
          <edom>
            <edomv>0</edomv>
            <edomvd>No Use</edomvd>
            <edomvds>NOAA National MPA Center</edomvds>
          </edom>
        </attrdomv>
        <attrdomv>
          <edom>
            <edomv>1</edomv>
            <edomvd>General Use</edomvd>
            <edomvds>NOAA National MPA Center</edomvds>
          </edom>
        </attrdomv>
        <attrdomv>
          <edom>
            <edomv>2</edomv>
            <edomvd>Dominant Use</edomvd>
            <edomvds>NOAA National MPA Center</edomvds>
          </edom>
        </attrdomv>
      </attr>
      <attr>
        <attrlabl>surfaceBoardSports</attrlabl>
        <attrdef>Surface Board Sports</attrdef>
        <attrdefs>NOAA Office for Coastal Management</attrdefs>
        <attrdomv>
          <edom>
            <edomv>0</edomv>
            <edomvd>No Use</edomvd>
            <edomvds>NOAA National MPA Center</edomvds>
          </edom>
        </attrdomv>
        <attrdomv>
          <edom>
            <edomv>1</edomv>
            <edomvd>General Use</edomvd>
            <edomvds>NOAA National MPA Center</edomvds>
          </edom>
        </attrdomv>
        <attrdomv>
          <edom>
            <edomv>2</edomv>
            <edomvd>Dominant Use</edomvd>
            <edomvds>NOAA National MPA Center</edomvds>
          </edom>
        </attrdomv>
      </attr>
      <attr>
        <attrlabl>swimming</attrlabl>
        <attrdef>Swimming</attrdef>
        <attrdefs>NOAA Office for Coastal Management</attrdefs>
        <attrdomv>
          <edom>
            <edomv>0</edomv>
            <edomvd>No Use</edomvd>
            <edomvds>NOAA National MPA Center</edomvds>
          </edom>
        </attrdomv>
        <attrdomv>
          <edom>
            <edomv>1</edomv>
            <edomvd>General Use</edomvd>
            <edomvds>NOAA National MPA Center</edomvds>
          </edom>
        </attrdomv>
        <attrdomv>
          <edom>
            <edomv>2</edomv>
            <edomvd>Dominant Use</edomvd>
            <edomvds>NOAA National MPA Center</edomvds>
          </edom>
        </attrdomv>
      </attr>
      <attr>
        <attrlabl>tidePooling</attrlabl>
        <attrdef>Tide Pooling</attrdef>
        <attrdefs>NOAA Office for Coastal Management</attrdefs>
        <attrdomv>
          <edom>
            <edomv>0</edomv>
            <edomvd>No Use</edomvd>
            <edomvds>NOAA National MPA Center</edomvds>
          </edom>
        </attrdomv>
        <attrdomv>
          <edom>
            <edomv>1</edomv>
            <edomvd>General Use</edomvd>
            <edomvds>NOAA National MPA Center</edomvds>
          </edom>
        </attrdomv>
        <attrdomv>
          <edom>
            <edomv>2</edomv>
            <edomvd>Dominant Use</edomvd>
            <edomvds>NOAA National MPA Center</edomvds>
          </edom>
        </attrdomv>
      </attr>
      <attr>
        <attrlabl>wildlifeViewingSea</attrlabl>
        <attrdef>Wildlife Viewing At Sea</attrdef>
        <attrdefs>NOAA Office for Coastal Management</attrdefs>
        <attrdomv>
          <edom>
            <edomv>0</edomv>
            <edomvd>No Use</edomvd>
            <edomvds>NOAA National MPA Center</edomvds>
          </edom>
        </attrdomv>
        <attrdomv>
          <edom>
            <edomv>1</edomv>
            <edomvd>General Use</edomvd>
            <edomvds>NOAA National MPA Center</edomvds>
          </edom>
        </attrdomv>
        <attrdomv>
          <edom>
            <edomv>2</edomv>
            <edomvd>Dominant Use</edomvd>
            <edomvds>NOAA National MPA Center</edomvds>
          </edom>
        </attrdomv>
      </attr>
      <attr>
        <attrlabl>comDiveFishing</attrlabl>
        <attrdef>Commercial Dive Fishing</attrdef>
        <attrdefs>NOAA Office for Coastal Management</attrdefs>
        <attrdomv>
          <edom>
            <edomv>0</edomv>
            <edomvd>No Use</edomvd>
            <edomvds>NOAA National MPA Center</edomvds>
          </edom>
        </attrdomv>
        <attrdomv>
          <edom>
            <edomv>1</edomv>
            <edomvd>General Use</edomvd>
            <edomvds>NOAA National MPA Center</edomvds>
          </edom>
        </attrdomv>
        <attrdomv>
          <edom>
            <edomv>2</edomv>
            <edomvd>Dominant Use</edomvd>
            <edomvds>NOAA National MPA Center</edomvds>
          </edom>
        </attrdomv>
      </attr>
      <attr>
        <attrlabl>comFishingFixed</attrlabl>
        <attrdef>Commercial Fishing with Benthic Fixed Gear</attrdef>
        <attrdefs>NOAA Office for Coastal Management</attrdefs>
        <attrdomv>
          <edom>
            <edomv>0</edomv>
            <edomvd>No Use</edomvd>
            <edomvds>NOAA National MPA Center</edomvds>
          </edom>
        </attrdomv>
        <attrdomv>
          <edom>
            <edomv>1</edomv>
            <edomvd>General Use</edomvd>
            <edomvds>NOAA National MPA Center</edomvds>
          </edom>
        </attrdomv>
        <attrdomv>
          <edom>
            <edomv>2</edomv>
            <edomvd>Dominant Use</edomvd>
            <edomvds>NOAA National MPA Center</edomvds>
          </edom>
        </attrdomv>
      </attr>
      <attr>
        <attrlabl>comFishingMobile</attrlabl>
        <attrdef>Commercial Fishing with Benthic Mobile Gear</attrdef>
        <attrdefs>NOAA Office for Coastal Management</attrdefs>
        <attrdomv>
          <edom>
            <edomv>0</edomv>
            <edomvd>No Use</edomvd>
            <edomvds>NOAA National MPA Center</edomvds>
          </edom>
        </attrdomv>
        <attrdomv>
          <edom>
            <edomv>1</edomv>
            <edomvd>General Use</edomvd>
            <edomvds>NOAA National MPA Center</edomvds>
          </edom>
        </attrdomv>
        <attrdomv>
          <edom>
            <edomv>2</edomv>
            <edomvd>Dominant Use</edomvd>
            <edomvds>NOAA National MPA Center</edomvds>
          </edom>
        </attrdomv>
      </attr>
      <attr>
        <attrlabl>comGatheringShore</attrlabl>
        <attrdef>Commercial Gathering from Shore</attrdef>
        <attrdefs>NOAA Office for Coastal Management</attrdefs>
        <attrdomv>
          <edom>
            <edomv>0</edomv>
            <edomvd>No Use</edomvd>
            <edomvds>NOAA National MPA Center</edomvds>
          </edom>
        </attrdomv>
        <attrdomv>
          <edom>
            <edomv>1</edomv>
            <edomvd>General Use</edomvd>
            <edomvds>NOAA National MPA Center</edomvds>
          </edom>
        </attrdomv>
        <attrdomv>
          <edom>
            <edomv>2</edomv>
            <edomvd>Dominant Use</edomvd>
            <edomvds>NOAA National MPA Center</edomvds>
          </edom>
        </attrdomv>
      </attr>
      <attr>
        <attrlabl>comPelagicFishing</attrlabl>
        <attrdef>Commercial Pelagic Fishing</attrdef>
        <attrdefs>NOAA Office for Coastal Management</attrdefs>
        <attrdomv>
          <edom>
            <edomv>0</edomv>
            <edomvd>No Use</edomvd>
            <edomvds>NOAA National MPA Center</edomvds>
          </edom>
        </attrdomv>
        <attrdomv>
          <edom>
            <edomv>1</edomv>
            <edomvd>General Use</edomvd>
            <edomvds>NOAA National MPA Center</edomvds>
          </edom>
        </attrdomv>
        <attrdomv>
          <edom>
            <edomv>2</edomv>
            <edomvd>Dominant Use</edomvd>
            <edomvds>NOAA National MPA Center</edomvds>
          </edom>
        </attrdomv>
      </attr>
      <attr>
        <attrlabl>kayakFishing</attrlabl>
        <attrdef>Kayak Fishing</attrdef>
        <attrdefs>NOAA Office for Coastal Management</attrdefs>
        <attrdomv>
          <edom>
            <edomv>0</edomv>
            <edomvd>No Use</edomvd>
            <edomvds>NOAA National MPA Center</edomvds>
          </edom>
        </attrdomv>
        <attrdomv>
          <edom>
            <edomv>1</edomv>
            <edomvd>General Use</edomvd>
            <edomvds>NOAA National MPA Center</edomvds>
          </edom>
        </attrdomv>
        <attrdomv>
          <edom>
            <edomv>2</edomv>
            <edomvd>Dominant Use</edomvd>
            <edomvds>NOAA National MPA Center</edomvds>
          </edom>
        </attrdomv>
      </attr>
      <attr>
        <attrlabl>fishingShore</attrlabl>
        <attrdef>Fishing from Shore</attrdef>
        <attrdefs>NOAA Office for Coastal Management</attrdefs>
        <attrdomv>
          <edom>
            <edomv>0</edomv>
            <edomvd>No Use</edomvd>
            <edomvds>NOAA National MPA Center</edomvds>
          </edom>
        </attrdomv>
        <attrdomv>
          <edom>
            <edomv>1</edomv>
            <edomvd>General Use</edomvd>
            <edomvds>NOAA National MPA Center</edomvds>
          </edom>
        </attrdomv>
        <attrdomv>
          <edom>
            <edomv>2</edomv>
            <edomvd>Dominant Use</edomvd>
            <edomvds>NOAA National MPA Center</edomvds>
          </edom>
        </attrdomv>
      </attr>
      <attr>
        <attrlabl>hunting</attrlabl>
        <attrdef>Hunting</attrdef>
        <attrdefs>NOAA Office for Coastal Management</attrdefs>
        <attrdomv>
          <edom>
            <edomv>0</edomv>
            <edomvd>No Use</edomvd>
            <edomvds>NOAA National MPA Center</edomvds>
          </edom>
        </attrdomv>
        <attrdomv>
          <edom>
            <edomv>1</edomv>
            <edomvd>General Use</edomvd>
            <edomvds>NOAA National MPA Center</edomvds>
          </edom>
        </attrdomv>
        <attrdomv>
          <edom>
            <edomv>2</edomv>
            <edomvd>Dominant Use</edomvd>
            <edomvds>NOAA National MPA Center</edomvds>
          </edom>
        </attrdomv>
      </attr>
      <attr>
        <attrlabl>recDiveFishing</attrlabl>
        <attrdef>Recreational Dive Fishing</attrdef>
        <attrdefs>NOAA Office for Coastal Management</attrdefs>
        <attrdomv>
          <edom>
            <edomv>0</edomv>
            <edomvd>No Use</edomvd>
            <edomvds>NOAA National MPA Center</edomvds>
          </edom>
        </attrdomv>
        <attrdomv>
          <edom>
            <edomv>1</edomv>
            <edomvd>General Use</edomvd>
            <edomvds>NOAA National MPA Center</edomvds>
          </edom>
        </attrdomv>
        <attrdomv>
          <edom>
            <edomv>2</edomv>
            <edomvd>Dominant Use</edomvd>
            <edomvds>NOAA National MPA Center</edomvds>
          </edom>
        </attrdomv>
      </attr>
      <attr>
        <attrlabl>recFishingBenBoats</attrlabl>
        <attrdef>Recreational Fishing for Benthic Species from Boats</attrdef>
        <attrdefs>NOAA Office for Coastal Management</attrdefs>
        <attrdomv>
          <edom>
            <edomv>0</edomv>
            <edomvd>No Use</edomvd>
            <edomvds>NOAA National MPA Center</edomvds>
          </edom>
        </attrdomv>
        <attrdomv>
          <edom>
            <edomv>1</edomv>
            <edomvd>General Use</edomvd>
            <edomvds>NOAA National MPA Center</edomvds>
          </edom>
        </attrdomv>
        <attrdomv>
          <edom>
            <edomv>2</edomv>
            <edomvd>Dominant Use</edomvd>
            <edomvds>NOAA National MPA Center</edomvds>
          </edom>
        </attrdomv>
      </attr>
      <attr>
        <attrlabl>recFishingPelBoats</attrlabl>
        <attrdef>Recreational Fishing for Pelagic Species from Boats</attrdef>
        <attrdefs>NOAA Office for Coastal Management</attrdefs>
        <attrdomv>
          <edom>
            <edomv>0</edomv>
            <edomvd>No Use</edomvd>
            <edomvds>NOAA National MPA Center</edomvds>
          </edom>
        </attrdomv>
        <attrdomv>
          <edom>
            <edomv>1</edomv>
            <edomvd>General Use</edomvd>
            <edomvds>NOAA National MPA Center</edomvds>
          </edom>
        </attrdomv>
        <attrdomv>
          <edom>
            <edomv>2</edomv>
            <edomvd>Dominant Use</edomvd>
            <edomvds>NOAA National MPA Center</edomvds>
          </edom>
        </attrdomv>
      </attr>
      <attr>
        <attrlabl>recGatheringShore</attrlabl>
        <attrdef>Recreational Gathering from Shore</attrdef>
        <attrdefs>NOAA Office for Coastal Management</attrdefs>
        <attrdomv>
          <edom>
            <edomv>0</edomv>
            <edomvd>No Use</edomvd>
            <edomvds>NOAA National MPA Center</edomvds>
          </edom>
        </attrdomv>
        <attrdomv>
          <edom>
            <edomv>1</edomv>
            <edomvd>General Use</edomvd>
            <edomvds>NOAA National MPA Center</edomvds>
          </edom>
        </attrdomv>
        <attrdomv>
          <edom>
            <edomv>2</edomv>
            <edomvd>Dominant Use</edomvd>
            <edomvds>NOAA National MPA Center</edomvds>
          </edom>
        </attrdomv>
      </attr>
      <attr>
        <attrlabl>aquaculture</attrlabl>
        <attrdef>Aquaculture</attrdef>
        <attrdefs>NOAA Office for Coastal Management</attrdefs>
        <attrdomv>
          <edom>
            <edomv>0</edomv>
            <edomvd>No Use</edomvd>
            <edomvds>NOAA National MPA Center</edomvds>
          </edom>
        </attrdomv>
        <attrdomv>
          <edom>
            <edomv>1</edomv>
            <edomvd>General Use</edomvd>
            <edomvds>NOAA National MPA Center</edomvds>
          </edom>
        </attrdomv>
        <attrdomv>
          <edom>
            <edomv>2</edomv>
            <edomvd>Dominant Use</edomvd>
            <edomvds>NOAA National MPA Center</edomvds>
          </edom>
        </attrdomv>
      </attr>
      <attr>
        <attrlabl>marineDebris</attrlabl>
        <attrdef>Marine Debris</attrdef>
        <attrdefs>NOAA Office for Coastal Management</attrdefs>
        <attrdomv>
          <edom>
            <edomv>0</edomv>
            <edomvd>No Use</edomvd>
            <edomvds>NOAA National MPA Center</edomvds>
          </edom>
        </attrdomv>
        <attrdomv>
          <edom>
            <edomv>1</edomv>
            <edomvd>General Use</edomvd>
            <edomvds>NOAA National MPA Center</edomvds>
          </edom>
        </attrdomv>
        <attrdomv>
          <edom>
            <edomv>2</edomv>
            <edomvd>Dominant Use</edomvd>
            <edomvds>NOAA National MPA Center</edomvds>
          </edom>
        </attrdomv>
      </attr>
      <attr>
        <attrlabl>militaryOperations</attrlabl>
        <attrdef>Military Operations</attrdef>
        <attrdefs>NOAA Office for Coastal Management</attrdefs>
        <attrdomv>
          <edom>
            <edomv>0</edomv>
            <edomvd>No Use</edomvd>
            <edomvds>NOAA National MPA Center</edomvds>
          </edom>
        </attrdomv>
        <attrdomv>
          <edom>
            <edomv>1</edomv>
            <edomvd>General Use</edomvd>
            <edomvds>NOAA National MPA Center</edomvds>
          </edom>
        </attrdomv>
        <attrdomv>
          <edom>
            <edomv>2</edomv>
            <edomvd>Dominant Use</edomvd>
            <edomvds>NOAA National MPA Center</edomvds>
          </edom>
        </attrdomv>
      </attr>
      <attr>
        <attrlabl>miningAndMineralExt</attrlabl>
        <attrdef>Mining and Mineral Extraction</attrdef>
        <attrdefs>NOAA Office for Coastal Management</attrdefs>
        <attrdomv>
          <edom>
            <edomv>0</edomv>
            <edomvd>No Use</edomvd>
            <edomvds>NOAA National MPA Center</edomvds>
          </edom>
        </attrdomv>
        <attrdomv>
          <edom>
            <edomv>1</edomv>
            <edomvd>General Use</edomvd>
            <edomvds>NOAA National MPA Center</edomvds>
          </edom>
        </attrdomv>
        <attrdomv>
          <edom>
            <edomv>2</edomv>
            <edomvd>Dominant Use</edomvd>
            <edomvds>NOAA National MPA Center</edomvds>
          </edom>
        </attrdomv>
      </attr>
      <attr>
        <attrlabl>oceanDumping</attrlabl>
        <attrdef>Ocean Dumping</attrdef>
        <attrdefs>NOAA Office for Coastal Management</attrdefs>
        <attrdomv>
          <edom>
            <edomv>0</edomv>
            <edomvd>No Use</edomvd>
            <edomvds>NOAA National MPA Center</edomvds>
          </edom>
        </attrdomv>
        <attrdomv>
          <edom>
            <edomv>1</edomv>
            <edomvd>General Use</edomvd>
            <edomvds>NOAA National MPA Center</edomvds>
          </edom>
        </attrdomv>
        <attrdomv>
          <edom>
            <edomv>2</edomv>
            <edomvd>Dominant Use</edomvd>
            <edomvds>NOAA National MPA Center</edomvds>
          </edom>
        </attrdomv>
      </attr>
      <attr>
        <attrlabl>offshoreAltEnergy</attrlabl>
        <attrdef>Offshore Alternative Energy</attrdef>
        <attrdefs>NOAA Office for Coastal Management</attrdefs>
        <attrdomv>
          <edom>
            <edomv>0</edomv>
            <edomvd>No Use</edomvd>
            <edomvds>NOAA National MPA Center</edomvds>
          </edom>
        </attrdomv>
        <attrdomv>
          <edom>
            <edomv>1</edomv>
            <edomvd>General Use</edomvd>
            <edomvds>NOAA National MPA Center</edomvds>
          </edom>
        </attrdomv>
        <attrdomv>
          <edom>
            <edomv>2</edomv>
            <edomvd>Dominant Use</edomvd>
            <edomvds>NOAA National MPA Center</edomvds>
          </edom>
        </attrdomv>
      </attr>
      <attr>
        <attrlabl>cruiseShips</attrlabl>
        <attrdef>Cruise Ships</attrdef>
        <attrdefs>NOAA Office for Coastal Management</attrdefs>
        <attrdomv>
          <edom>
            <edomv>0</edomv>
            <edomvd>No Use</edomvd>
            <edomvds>NOAA National MPA Center</edomvds>
          </edom>
        </attrdomv>
        <attrdomv>
          <edom>
            <edomv>1</edomv>
            <edomvd>General Use</edomvd>
            <edomvds>NOAA National MPA Center</edomvds>
          </edom>
        </attrdomv>
        <attrdomv>
          <edom>
            <edomv>2</edomv>
            <edomvd>Dominant Use</edomvd>
            <edomvds>NOAA National MPA Center</edomvds>
          </edom>
        </attrdomv>
      </attr>
      <attr>
        <attrlabl>shipping</attrlabl>
        <attrdef>Shipping</attrdef>
        <attrdefs>NOAA Office for Coastal Management</attrdefs>
        <attrdomv>
          <edom>
            <edomv>0</edomv>
            <edomvd>No Use</edomvd>
            <edomvds>NOAA National MPA Center</edomvds>
          </edom>
        </attrdomv>
        <attrdomv>
          <edom>
            <edomv>1</edomv>
            <edomvd>General Use</edomvd>
            <edomvds>NOAA National MPA Center</edomvds>
          </edom>
        </attrdomv>
        <attrdomv>
          <edom>
            <edomv>2</edomv>
            <edomvd>Dominant Use</edomvd>
            <edomvds>NOAA National MPA Center</edomvds>
          </edom>
        </attrdomv>
      </attr>
      <attr>
        <attrlabl>underwaterPipelines</attrlabl>
        <attrdef>Underwater Pipelines</attrdef>
        <attrdefs>NOAA Office for Coastal Management</attrdefs>
        <attrdomv>
          <edom>
            <edomv>0</edomv>
            <edomvd>No Use</edomvd>
            <edomvds>NOAA National MPA Center</edomvds>
          </edom>
        </attrdomv>
        <attrdomv>
          <edom>
            <edomv>1</edomv>
            <edomvd>General Use</edomvd>
            <edomvds>NOAA National MPA Center</edomvds>
          </edom>
        </attrdomv>
        <attrdomv>
          <edom>
            <edomv>2</edomv>
            <edomvd>Dominant Use</edomvd>
            <edomvds>NOAA National MPA Center</edomvds>
          </edom>
        </attrdomv>
      </attr>
      <attr>
        <attrlabl>underwaterCables</attrlabl>
        <attrdef>Underwater Cables</attrdef>
        <attrdefs>NOAA Office for Coastal Management</attrdefs>
        <attrdomv>
          <edom>
            <edomv>0</edomv>
            <edomvd>No Use</edomvd>
            <edomvds>NOAA National MPA Center</edomvds>
          </edom>
        </attrdomv>
        <attrdomv>
          <edom>
            <edomv>1</edomv>
            <edomvd>General Use</edomvd>
            <edomvds>NOAA National MPA Center</edomvds>
          </edom>
        </attrdomv>
        <attrdomv>
          <edom>
            <edomv>2</edomv>
            <edomvd>Dominant Use</edomvd>
            <edomvds>NOAA National MPA Center</edomvds>
          </edom>
        </attrdomv>
      </attr>
      <attr>
        <attrlabl>Shape_Length</attrlabl>
        <attrdef>Length of feature in internal units.</attrdef>
        <attrdefs>Esri</attrdefs>
        <attrdomv>
          <udom>Positive real numbers that are automatically generated.</udom>
        </attrdomv>
      </attr>
      <attr>
        <attrlabl>Shape_Area</attrlabl>
        <attrdef>Area of feature in internal units squared.</attrdef>
        <attrdefs>Esri</attrdefs>
        <attrdomv>
          <udom>Positive real numbers that are automatically generated.</udom>
        </attrdomv>
      </attr>
      <attr>
        <attrlabl>culturalUseIncludes</attrlabl>
        <attrdef>Cultural Use Includes</attrdef>
        <attrdefs>NOAA Office for Coastal Management</attrdefs>
        <attrdomv>
          <udom>Notes detailing what the use includes.</udom>
        </attrdomv>
      </attr>
      <attr>
        <attrlabl>culturalUseExcludes</attrlabl>
        <attrdef>Cultural Use Excludes</attrdef>
        <attrdefs>NOAA Office for Coastal Management</attrdefs>
        <attrdomv>
          <udom>Notes detailing what the use excludes.</udom>
        </attrdomv>
      </attr>
      <attr>
        <attrlabl>culturalUseOregon</attrlabl>
        <attrdef>Cultural Use Oregon Notes</attrdef>
        <attrdefs>NOAA Office for Coastal Management</attrdefs>
        <attrdomv>
          <udom>Oregon specific notes regarding use.</udom>
        </attrdomv>
      </attr>
      <attr>
        <attrlabl>culturalUseWashington</attrlabl>
        <attrdef>Cultural Use Washington Notes</attrdef>
        <attrdefs>NOAA Office for Coastal Management</attrdefs>
        <attrdomv>
          <udom>Washington specific notes regarding use.</udom>
        </attrdomv>
      </attr>
      <attr>
        <attrlabl>motorizedBoatingIncludes</attrlabl>
        <attrdef>Motorized Boating Includes</attrdef>
        <attrdefs>NOAA Office for Coastal Management</attrdefs>
        <attrdomv>
          <udom>Notes detailing what the use includes.</udom>
        </attrdomv>
      </attr>
      <attr>
        <attrlabl>motorizedBoatingExcludes</attrlabl>
        <attrdef>Motorized Boating Excludes</attrdef>
        <attrdefs>NOAA Office for Coastal Management</attrdefs>
        <attrdomv>
          <udom>Notes detailing what the use excludes.</udom>
        </attrdomv>
      </attr>
      <attr>
        <attrlabl>motorizedBoatingOregon</attrlabl>
        <attrdef>Motorized Boating Oregon Notes</attrdef>
        <attrdefs>NOAA Office for Coastal Management</attrdefs>
        <attrdomv>
          <udom>Oregon specific notes regarding use.</udom>
        </attrdomv>
      </attr>
      <attr>
        <attrlabl>motorizedBoatingWashington</attrlabl>
        <attrdef>Motorized Boating Washington Notes</attrdef>
        <attrdefs>NOAA Office for Coastal Management</attrdefs>
        <attrdomv>
          <udom>Washington specific notes regarding use.</udom>
        </attrdomv>
      </attr>
      <attr>
        <attrlabl>paddlingIncludes</attrlabl>
        <attrdef>Paddling Includes</attrdef>
        <attrdefs>NOAA Office for Coastal Management</attrdefs>
        <attrdomv>
          <udom>Notes detailing what the use includes.</udom>
        </attrdomv>
      </attr>
      <attr>
        <attrlabl>paddlingExcludes</attrlabl>
        <attrdef>Paddling Excludes</attrdef>
        <attrdefs>NOAA Office for Coastal Management</attrdefs>
        <attrdomv>
          <udom>Notes detailing what the use excludes.</udom>
        </attrdomv>
      </attr>
      <attr>
        <attrlabl>paddlingOregon</attrlabl>
        <attrdef>Paddling Oregon Notes</attrdef>
        <attrdefs>NOAA Office for Coastal Management</attrdefs>
        <attrdomv>
          <udom>Oregon specific notes regarding use.</udom>
        </attrdomv>
      </attr>
      <attr>
        <attrlabl>paddlingWashington</attrlabl>
        <attrdef>Paddling Washington Notes</attrdef>
        <attrdefs>NOAA Office for Coastal Management</attrdefs>
        <attrdomv>
          <udom>Washington specific notes regarding use.</udom>
        </attrdomv>
      </attr>
      <attr>
        <attrlabl>permResearchAreasIncludes</attrlabl>
        <attrdef>Permanent Research Areas Includes</attrdef>
        <attrdefs>NOAA Office for Coastal Management</attrdefs>
        <attrdomv>
          <udom>Notes detailing what the use includes.</udom>
        </attrdomv>
      </attr>
      <attr>
        <attrlabl>permResearchAreasExcludes</attrlabl>
        <attrdef>Permanent Research Areas Excludes</attrdef>
        <attrdefs>NOAA Office for Coastal Management</attrdefs>
        <attrdomv>
          <udom>Notes detailing what the use excludes.</udom>
        </attrdomv>
      </attr>
      <attr>
        <attrlabl>permResearchAreasOregon</attrlabl>
        <attrdef>Permanent Research Areas Oregon Notes</attrdef>
        <attrdefs>NOAA Office for Coastal Management</attrdefs>
        <attrdomv>
          <udom>Oregon specific notes regarding use.</udom>
        </attrdomv>
      </attr>
      <attr>
        <attrlabl>permResearchAreasWashington</attrlabl>
        <attrdef>Permanent Research Areas Washington Notes</attrdef>
        <attrdefs>NOAA Office for Coastal Management</attrdefs>
        <attrdomv>
          <udom>Washington specific notes regarding use.</udom>
        </attrdomv>
      </attr>
      <attr>
        <attrlabl>sailingIncludes</attrlabl>
        <attrdef>Sailing Includes</attrdef>
        <attrdefs>NOAA Office for Coastal Management</attrdefs>
        <attrdomv>
          <udom>Notes detailing what the use includes.</udom>
        </attrdomv>
      </attr>
      <attr>
        <attrlabl>sailingExcludes</attrlabl>
        <attrdef>Sailing Excludes</attrdef>
        <attrdefs>NOAA Office for Coastal Management</attrdefs>
        <attrdomv>
          <udom>Notes detailing what the use excludes.</udom>
        </attrdomv>
      </attr>
      <attr>
        <attrlabl>sailingOregon</attrlabl>
        <attrdef>Sailing Oregon Notes</attrdef>
        <attrdefs>NOAA Office for Coastal Management</attrdefs>
        <attrdomv>
          <udom>Oregon specific notes regarding use.</udom>
        </attrdomv>
      </attr>
      <attr>
        <attrlabl>sailingWashington</attrlabl>
        <attrdef>Sailing Washington Notes</attrdef>
        <attrdefs>NOAA Office for Coastal Management</attrdefs>
        <attrdomv>
          <udom>Washington specific notes regarding use.</udom>
        </attrdomv>
      </attr>
      <attr>
        <attrlabl>scubaSnorkelingIncludes</attrlabl>
        <attrdef>Scuba/Snorkeling Includes</attrdef>
        <attrdefs>NOAA Office for Coastal Management</attrdefs>
        <attrdomv>
          <udom>Notes detailing what the use includes.</udom>
        </attrdomv>
      </attr>
      <attr>
        <attrlabl>scubaSnorkelingExcludes</attrlabl>
        <attrdef>Scuba/Snorkeling Excludes</attrdef>
        <attrdefs>NOAA Office for Coastal Management</attrdefs>
        <attrdomv>
          <udom>Notes detailing what the use excludes.</udom>
        </attrdomv>
      </attr>
      <attr>
        <attrlabl>scubaSnorkelingOregon</attrlabl>
        <attrdef>Scuba/Snorkeling Oregon Notes</attrdef>
        <attrdefs>NOAA Office for Coastal Management</attrdefs>
        <attrdomv>
          <udom>Oregon specific notes regarding use.</udom>
        </attrdomv>
      </attr>
      <attr>
        <attrlabl>scubaSnorkelingWashington</attrlabl>
        <attrdef>Scuba/Snorkeling Washington Notes</attrdef>
        <attrdefs>NOAA Office for Coastal Management</attrdefs>
        <attrdomv>
          <udom>Washington specific notes regarding use.</udom>
        </attrdomv>
      </attr>
      <attr>
        <attrlabl>shoreUseIncludes</attrlabl>
        <attrdef>Shore Use Includes</attrdef>
        <attrdefs>NOAA Office for Coastal Management</attrdefs>
        <attrdomv>
          <udom>Notes detailing what the use includes.</udom>
        </attrdomv>
      </attr>
      <attr>
        <attrlabl>shoreUseExcludes</attrlabl>
        <attrdef>Shore Use Excludes</attrdef>
        <attrdefs>NOAA Office for Coastal Management</attrdefs>
        <attrdomv>
          <udom>Notes detailing what the use excludes.</udom>
        </attrdomv>
      </attr>
      <attr>
        <attrlabl>shoreUseOregon</attrlabl>
        <attrdef>Shore Use Oregon Notes</attrdef>
        <attrdefs>NOAA Office for Coastal Management</attrdefs>
        <attrdomv>
          <udom>Oregon specific notes regarding use.</udom>
        </attrdomv>
      </attr>
      <attr>
        <attrlabl>shoreUseWashington</attrlabl>
        <attrdef>Shore Use Washington Notes</attrdef>
        <attrdefs>NOAA Office for Coastal Management</attrdefs>
        <attrdomv>
          <udom>Washington specific notes regarding use.</udom>
        </attrdomv>
      </attr>
      <attr>
        <attrlabl>surfaceBoardSportsIncludes</attrlabl>
        <attrdef>Surface Board Sports Includes</attrdef>
        <attrdefs>NOAA Office for Coastal Management</attrdefs>
        <attrdomv>
          <udom>Notes detailing what the use includes.</udom>
        </attrdomv>
      </attr>
      <attr>
        <attrlabl>surfaceBoardSportsExcludes</attrlabl>
        <attrdef>Surface Board Sports Excludes</attrdef>
        <attrdefs>NOAA Office for Coastal Management</attrdefs>
        <attrdomv>
          <udom>Notes detailing what the use excludes.</udom>
        </attrdomv>
      </attr>
      <attr>
        <attrlabl>surfaceBoardSportsOregon</attrlabl>
        <attrdef>Surface Board Sports Oregon Notes</attrdef>
        <attrdefs>NOAA Office for Coastal Management</attrdefs>
        <attrdomv>
          <udom>Oregon specific notes regarding use.</udom>
        </attrdomv>
      </attr>
      <attr>
        <attrlabl>surfaceBoardSportsWashington</attrlabl>
        <attrdef>Surface Board Sports Washington Notes</attrdef>
        <attrdefs>NOAA Office for Coastal Management</attrdefs>
        <attrdomv>
          <udom>Washington specific notes regarding use.</udom>
        </attrdomv>
      </attr>
      <attr>
        <attrlabl>swimmingIncludes</attrlabl>
        <attrdef>Swimming Includes</attrdef>
        <attrdefs>NOAA Office for Coastal Management</attrdefs>
        <attrdomv>
          <udom>Notes detailing what the use includes.</udom>
        </attrdomv>
      </attr>
      <attr>
        <attrlabl>swimmingExcludes</attrlabl>
        <attrdef>Swimming Excludes</attrdef>
        <attrdefs>NOAA Office for Coastal Management</attrdefs>
        <attrdomv>
          <udom>Notes detailing what the use excludes.</udom>
        </attrdomv>
      </attr>
      <attr>
        <attrlabl>swimmingOregon</attrlabl>
        <attrdef>Swimming Oregon Notes</attrdef>
        <attrdefs>NOAA Office for Coastal Management</attrdefs>
        <attrdomv>
          <udom>Oregon specific notes regarding use.</udom>
        </attrdomv>
      </attr>
      <attr>
        <attrlabl>swimmingWashington</attrlabl>
        <attrdef>Swimming Washington Notes</attrdef>
        <attrdefs>NOAA Office for Coastal Management</attrdefs>
        <attrdomv>
          <udom>Washington specific notes regarding use.</udom>
        </attrdomv>
      </attr>
      <attr>
        <attrlabl>tidePoolingIncludes</attrlabl>
        <attrdef>Tide Pooling Includes</attrdef>
        <attrdefs>NOAA Office for Coastal Management</attrdefs>
        <attrdomv>
          <udom>Notes detailing what the use includes.</udom>
        </attrdomv>
      </attr>
      <attr>
        <attrlabl>tidePoolingExcludes</attrlabl>
        <attrdef>Tide Pooling Excludes</attrdef>
        <attrdefs>NOAA Office for Coastal Management</attrdefs>
        <attrdomv>
          <udom>Notes detailing what the use excludes.</udom>
        </attrdomv>
      </attr>
      <attr>
        <attrlabl>tidePoolingOregon</attrlabl>
        <attrdef>Tide Pooling Oregon Notes</attrdef>
        <attrdefs>NOAA Office for Coastal Management</attrdefs>
        <attrdomv>
          <udom>Oregon specific notes regarding use.</udom>
        </attrdomv>
      </attr>
      <attr>
        <attrlabl>tidePoolingWashington</attrlabl>
        <attrdef>Tide Pooling Washington Notes</attrdef>
        <attrdefs>NOAA Office for Coastal Management</attrdefs>
        <attrdomv>
          <udom>Washington specific notes regarding use.</udom>
        </attrdomv>
      </attr>
      <attr>
        <attrlabl>wildlifeViewingSeaIncludes</attrlabl>
        <attrdef>Wildlife Viewing at Sea Includes</attrdef>
        <attrdefs>NOAA Office for Coastal Management</attrdefs>
        <attrdomv>
          <udom>Notes detailing what the use includes.</udom>
        </attrdomv>
      </attr>
      <attr>
        <attrlabl>wildlifeViewingSeaExcludes</attrlabl>
        <attrdef>Wildlife Viewing at Sea Excludes</attrdef>
        <attrdefs>NOAA Office for Coastal Management</attrdefs>
        <attrdomv>
          <udom>Notes detailing what the use excludes.</udom>
        </attrdomv>
      </attr>
      <attr>
        <attrlabl>wildlifeViewingSeaOregon</attrlabl>
        <attrdef>Wildlife Viewing at Sea Oregon Notes</attrdef>
        <attrdefs>NOAA Office for Coastal Management</attrdefs>
        <attrdomv>
          <udom>Oregon specific notes regarding use.</udom>
        </attrdomv>
      </attr>
      <attr>
        <attrlabl>wildlifeViewingSeaWashington</attrlabl>
        <attrdef>Wildlife Viewing at Sea Washington Notes</attrdef>
        <attrdefs>NOAA Office for Coastal Management</attrdefs>
        <attrdomv>
          <udom>Washington specific notes regarding use.</udom>
        </attrdomv>
      </attr>
      <attr>
        <attrlabl>comDiveFishingIncludes</attrlabl>
        <attrdef>Commercial Dive Fishing Includes</attrdef>
        <attrdefs>NOAA Office for Coastal Management</attrdefs>
        <attrdomv>
          <udom>Notes detailing what the use includes.</udom>
        </attrdomv>
      </attr>
      <attr>
        <attrlabl>comDiveFishingExcludes</attrlabl>
        <attrdef>Commercial Dive Fishing Excludes</attrdef>
        <attrdefs>NOAA Office for Coastal Management</attrdefs>
        <attrdomv>
          <udom>Notes detailing what the use excludes.</udom>
        </attrdomv>
      </attr>
      <attr>
        <attrlabl>comDiveFishingOregon</attrlabl>
        <attrdef>Commercial Dive Fishing Oregon Notes</attrdef>
        <attrdefs>NOAA Office for Coastal Management</attrdefs>
        <attrdomv>
          <udom>Oregon specific notes regarding use.</udom>
        </attrdomv>
      </attr>
      <attr>
        <attrlabl>comDiveFishingWashington</attrlabl>
        <attrdef>Commercial Dive Fishing Washington Notes</attrdef>
        <attrdefs>NOAA Office for Coastal Management</attrdefs>
        <attrdomv>
          <udom>Washington specific notes regarding use.</udom>
        </attrdomv>
      </attr>
      <attr>
        <attrlabl>comFishingFixedIncludes</attrlabl>
        <attrdef>Commercial Fishing with Benthic Fixed Gear Includes</attrdef>
        <attrdefs>NOAA Office for Coastal Management</attrdefs>
        <attrdomv>
          <udom>Notes detailing what the use includes.</udom>
        </attrdomv>
      </attr>
      <attr>
        <attrlabl>comFishingFixedExcludes</attrlabl>
        <attrdef>Commercial Fishing with Benthic Fixed Gear Excludes</attrdef>
        <attrdefs>NOAA Office for Coastal Management</attrdefs>
        <attrdomv>
          <udom>Notes detailing what the use excludes.</udom>
        </attrdomv>
      </attr>
      <attr>
        <attrlabl>comFishingFixedOregon</attrlabl>
        <attrdef>Commercial Fishing with Benthic Fixed Gear Oregon Notes</attrdef>
        <attrdefs>NOAA Office for Coastal Management</attrdefs>
        <attrdomv>
          <udom>Oregon specific notes regarding use.</udom>
        </attrdomv>
      </attr>
      <attr>
        <attrlabl>comFishingFixedWashington</attrlabl>
        <attrdef>Commercial Fishing with Benthic Fixed Gear Washington Notes</attrdef>
        <attrdefs>NOAA Office for Coastal Management</attrdefs>
        <attrdomv>
          <udom>Washington specific notes regarding use.</udom>
        </attrdomv>
      </attr>
      <attr>
        <attrlabl>comFishingMobileIncludes</attrlabl>
        <attrdef>Commercial Fishing with Benthic Mobile Gear Includes</attrdef>
        <attrdefs>NOAA Office for Coastal Management</attrdefs>
        <attrdomv>
          <udom>Notes detailing what the use includes.</udom>
        </attrdomv>
      </attr>
      <attr>
        <attrlabl>comFishingMobileExcludes</attrlabl>
        <attrdef>Commercial Fishing with Benthic Mobile Gear Excludes</attrdef>
        <attrdefs>NOAA Office for Coastal Management</attrdefs>
        <attrdomv>
          <udom>Notes detailing what the use excludes.</udom>
        </attrdomv>
      </attr>
      <attr>
        <attrlabl>comFishingMobileOregon</attrlabl>
        <attrdef>Commercial Fishing with Benthic Mobile Gear Oregon Notes</attrdef>
        <attrdefs>NOAA Office for Coastal Management</attrdefs>
        <attrdomv>
          <udom>Oregon specific notes regarding use.</udom>
        </attrdomv>
      </attr>
      <attr>
        <attrlabl>comFishingMobileWashington</attrlabl>
        <attrdef>Commercial Fishing with Benthic Mobile Gear Washington Notes</attrdef>
        <attrdefs>NOAA Office for Coastal Management</attrdefs>
        <attrdomv>
          <udom>Washington specific notes regarding use.</udom>
        </attrdomv>
      </attr>
      <attr>
        <attrlabl>comGatheringShoreIncludes</attrlabl>
        <attrdef>Commercial Gathering from Shore Includes</attrdef>
        <attrdefs>NOAA Office for Coastal Management</attrdefs>
        <attrdomv>
          <udom>Notes detailing what the use includes.</udom>
        </attrdomv>
      </attr>
      <attr>
        <attrlabl>comGatheringShoreExcludes</attrlabl>
        <attrdef>Commercial Gathering from Shore Excludes</attrdef>
        <attrdefs>NOAA Office for Coastal Management</attrdefs>
        <attrdomv>
          <udom>Notes detailing what the use excludes.</udom>
        </attrdomv>
      </attr>
      <attr>
        <attrlabl>comGatheringShoreOregon</attrlabl>
        <attrdef>Commercial Gathering from Shore Oregon Notes</attrdef>
        <attrdefs>NOAA Office for Coastal Management</attrdefs>
        <attrdomv>
          <udom>Oregon specific notes regarding use.</udom>
        </attrdomv>
      </attr>
      <attr>
        <attrlabl>comGatheringShoreWashington</attrlabl>
        <attrdef>Commercial Gathering from Shore Washington Notes</attrdef>
        <attrdefs>NOAA Office for Coastal Management</attrdefs>
        <attrdomv>
          <udom>Washington specific notes regarding use.</udom>
        </attrdomv>
      </attr>
      <attr>
        <attrlabl>comPelagicFishingIncludes</attrlabl>
        <attrdef>Commercial Pelagic Fishing Includes</attrdef>
        <attrdefs>NOAA Office for Coastal Management</attrdefs>
        <attrdomv>
          <udom>Notes detailing what the use includes.</udom>
        </attrdomv>
      </attr>
      <attr>
        <attrlabl>comPelagicFishingExcludes</attrlabl>
        <attrdef>Commercial Pelagic Fishing Excludes</attrdef>
        <attrdefs>NOAA Office for Coastal Management</attrdefs>
        <attrdomv>
          <udom>Notes detailing what the use excludes.</udom>
        </attrdomv>
      </attr>
      <attr>
        <attrlabl>comPelagicFishingOregon</attrlabl>
        <attrdef>Commercial Pelagic Fishing Oregon Notes</attrdef>
        <attrdefs>NOAA Office for Coastal Management</attrdefs>
        <attrdomv>
          <udom>Oregon specific notes regarding use.</udom>
        </attrdomv>
      </attr>
      <attr>
        <attrlabl>comPelagicFishingWashington</attrlabl>
        <attrdef>Commercial Pelagic Fishing Washington Notes</attrdef>
        <attrdefs>NOAA Office for Coastal Management</attrdefs>
        <attrdomv>
          <udom>Washington specific notes regarding use.</udom>
        </attrdomv>
      </attr>
      <attr>
        <attrlabl>kayakFishingIncludes</attrlabl>
        <attrdef>Kayak Fishing Includes</attrdef>
        <attrdefs>NOAA Office for Coastal Management</attrdefs>
        <attrdomv>
          <udom>Notes detailing what the use includes.</udom>
        </attrdomv>
      </attr>
      <attr>
        <attrlabl>kayakFishingExcludes</attrlabl>
        <attrdef>Kayak Fishing Excludes</attrdef>
        <attrdefs>NOAA Office for Coastal Management</attrdefs>
        <attrdomv>
          <udom>Notes detailing what the use excludes.</udom>
        </attrdomv>
      </attr>
      <attr>
        <attrlabl>kayakFishingOregon</attrlabl>
        <attrdef>Kayak Fishing Oregon Notes</attrdef>
        <attrdefs>NOAA Office for Coastal Management</attrdefs>
        <attrdomv>
          <udom>Oregon specific notes regarding use.</udom>
        </attrdomv>
      </attr>
      <attr>
        <attrlabl>kayakFishingWashington</attrlabl>
        <attrdef>Kayak Fishing Washington Notes</attrdef>
        <attrdefs>NOAA Office for Coastal Management</attrdefs>
        <attrdomv>
          <udom>Washington specific notes regarding use.</udom>
        </attrdomv>
      </attr>
      <attr>
        <attrlabl>fishingShoreIncludes</attrlabl>
        <attrdef>Fishing from Shore Includes</attrdef>
        <attrdefs>NOAA Office for Coastal Management</attrdefs>
        <attrdomv>
          <udom>Notes detailing what the use includes.</udom>
        </attrdomv>
      </attr>
      <attr>
        <attrlabl>fishingShoreExcludes</attrlabl>
        <attrdef>Fishing from Shore Excludes</attrdef>
        <attrdefs>NOAA Office for Coastal Management</attrdefs>
        <attrdomv>
          <udom>Notes detailing what the use excludes.</udom>
        </attrdomv>
      </attr>
      <attr>
        <attrlabl>fishingShoreOregon</attrlabl>
        <attrdef>Fishing from Shore Oregon Notes</attrdef>
        <attrdefs>NOAA Office for Coastal Management</attrdefs>
        <attrdomv>
          <udom>Oregon specific notes regarding use.</udom>
        </attrdomv>
      </attr>
      <attr>
        <attrlabl>fishingShoreWashington</attrlabl>
        <attrdef>Fishing from Shore Washington Notes</attrdef>
        <attrdefs>NOAA Office for Coastal Management</attrdefs>
        <attrdomv>
          <udom>Washington specific notes regarding use.</udom>
        </attrdomv>
      </attr>
      <attr>
        <attrlabl>huntingIncludes</attrlabl>
        <attrdef>Hunting Includes</attrdef>
        <attrdefs>NOAA Office for Coastal Management</attrdefs>
        <attrdomv>
          <udom>Notes detailing what the use includes.</udom>
        </attrdomv>
      </attr>
      <attr>
        <attrlabl>huntingExcludes</attrlabl>
        <attrdef>Hunting Excludes</attrdef>
        <attrdefs>NOAA Office for Coastal Management</attrdefs>
        <attrdomv>
          <udom>Notes detailing what the use excludes.</udom>
        </attrdomv>
      </attr>
      <attr>
        <attrlabl>huntingOregon</attrlabl>
        <attrdef>Hunting Oregon Notes</attrdef>
        <attrdefs>NOAA Office for Coastal Management</attrdefs>
        <attrdomv>
          <udom>Oregon specific notes regarding use.</udom>
        </attrdomv>
      </attr>
      <attr>
        <attrlabl>huntingWashington</attrlabl>
        <attrdef>Hunting Washington Notes</attrdef>
        <attrdefs>NOAA Office for Coastal Management</attrdefs>
        <attrdomv>
          <udom>Washington specific notes regarding use.</udom>
        </attrdomv>
      </attr>
      <attr>
        <attrlabl>recDiveFishingIncludes</attrlabl>
        <attrdef>Recreational Dive Fishing Includes</attrdef>
        <attrdefs>NOAA Office for Coastal Management</attrdefs>
        <attrdomv>
          <udom>Notes detailing what the use includes.</udom>
        </attrdomv>
      </attr>
      <attr>
        <attrlabl>recDiveFishingExcludes</attrlabl>
        <attrdef>Recreational Dive Fishing Excludes</attrdef>
        <attrdefs>NOAA Office for Coastal Management</attrdefs>
        <attrdomv>
          <udom>Notes detailing what the use excludes.</udom>
        </attrdomv>
      </attr>
      <attr>
        <attrlabl>recDiveFishingOregon</attrlabl>
        <attrdef>Recreational Dive Fishing Oregon Notes</attrdef>
        <attrdefs>NOAA Office for Coastal Management</attrdefs>
        <attrdomv>
          <udom>Oregon specific notes regarding use.</udom>
        </attrdomv>
      </attr>
      <attr>
        <attrlabl>recDiveFishingWashington</attrlabl>
        <attrdef>Recreational Dive Fishing Washington Notes</attrdef>
        <attrdefs>NOAA Office for Coastal Management</attrdefs>
        <attrdomv>
          <udom>Washington specific notes regarding use.</udom>
        </attrdomv>
      </attr>
      <attr>
        <attrlabl>recFishingBenBoatsIncludes</attrlabl>
        <attrdef>Recreational Fishing for Benthic Species from Boats Includes</attrdef>
        <attrdefs>NOAA Office for Coastal Management</attrdefs>
        <attrdomv>
          <udom>Notes detailing what the use includes.</udom>
        </attrdomv>
      </attr>
      <attr>
        <attrlabl>recFishingBenBoatsExcludes</attrlabl>
        <attrdef>Recreational Fishing for Benthic Species from Boats Excludes</attrdef>
        <attrdefs>NOAA Office for Coastal Management</attrdefs>
        <attrdomv>
          <udom>Notes detailing what the use excludes.</udom>
        </attrdomv>
      </attr>
      <attr>
        <attrlabl>recFishingBenBoatsOregon</attrlabl>
        <attrdef>Recreational Fishing for Benthic Species from Boats Oregon Notes</attrdef>
        <attrdefs>NOAA Office for Coastal Management</attrdefs>
        <attrdomv>
          <udom>Oregon specific notes regarding use.</udom>
        </attrdomv>
      </attr>
      <attr>
        <attrlabl>recFishingBenBoatsWashington</attrlabl>
        <attrdef>Recreational Fishing for Benthic Species from Boats Washington Notes</attrdef>
        <attrdefs>NOAA Office for Coastal Management</attrdefs>
        <attrdomv>
          <udom>Washington specific notes regarding use.</udom>
        </attrdomv>
      </attr>
      <attr>
        <attrlabl>recFishingPelBoatsIncludes</attrlabl>
        <attrdef>Recreational Fishing for Pelagic Species from Boats Includes</attrdef>
        <attrdefs>NOAA Office for Coastal Management</attrdefs>
        <attrdomv>
          <udom>Notes detailing what the use includes.</udom>
        </attrdomv>
      </attr>
      <attr>
        <attrlabl>recFishingPelBoatsExcludes</attrlabl>
        <attrdef>Recreational Fishing for Pelagic Species from Boats Excludes</attrdef>
        <attrdefs>NOAA Office for Coastal Management</attrdefs>
        <attrdomv>
          <udom>Notes detailing what the use excludes.</udom>
        </attrdomv>
      </attr>
      <attr>
        <attrlabl>recFishingPelBoatsOregon</attrlabl>
        <attrdef>Recreational Fishing for Pelagic Species from Boats Oregon Notes</attrdef>
        <attrdefs>NOAA Office for Coastal Management</attrdefs>
        <attrdomv>
          <udom>Oregon specific notes regarding use.</udom>
        </attrdomv>
      </attr>
      <attr>
        <attrlabl>recFishingPelBoatsWashington</attrlabl>
        <attrdef>Recreational Fishing for Pelagic Species from Boats Washington Notes</attrdef>
        <attrdefs>NOAA Office for Coastal Management</attrdefs>
        <attrdomv>
          <udom>Washington specific notes regarding use.</udom>
        </attrdomv>
      </attr>
      <attr>
        <attrlabl>recGatheringShoreIncludes</attrlabl>
        <attrdef>Recreational Gathering from Shore Includes</attrdef>
        <attrdefs>NOAA Office for Coastal Management</attrdefs>
        <attrdomv>
          <udom>Notes detailing what the use includes.</udom>
        </attrdomv>
      </attr>
      <attr>
        <attrlabl>recGatheringShoreExcludes</attrlabl>
        <attrdef>Recreational Gathering from Shore Excludes</attrdef>
        <attrdefs>NOAA Office for Coastal Management</attrdefs>
        <attrdomv>
          <udom>Notes detailing what the use excludes.</udom>
        </attrdomv>
      </attr>
      <attr>
        <attrlabl>recGatheringShoreOregon</attrlabl>
        <attrdef>Recreational Gathering from Shore Oregon Notes</attrdef>
        <attrdefs>NOAA Office for Coastal Management</attrdefs>
        <attrdomv>
          <udom>Oregon specific notes regarding use.</udom>
        </attrdomv>
      </attr>
      <attr>
        <attrlabl>recGatheringShoreWashington</attrlabl>
        <attrdef>Recreational Gathering from Shore Washington Notes</attrdef>
        <attrdefs>NOAA Office for Coastal Management</attrdefs>
        <attrdomv>
          <udom>Washington specific notes regarding use.</udom>
        </attrdomv>
      </attr>
      <attr>
        <attrlabl>aquacultureIncludes</attrlabl>
        <attrdef>Aquaculture Includes</attrdef>
        <attrdefs>NOAA Office for Coastal Management</attrdefs>
        <attrdomv>
          <udom>Notes detailing what the use includes.</udom>
        </attrdomv>
      </attr>
      <attr>
        <attrlabl>aquacultureExcludes</attrlabl>
        <attrdef>Aquaculture Excludes</attrdef>
        <attrdefs>NOAA Office for Coastal Management</attrdefs>
        <attrdomv>
          <udom>Notes detailing what the use excludes.</udom>
        </attrdomv>
      </attr>
      <attr>
        <attrlabl>aquacultureOregon</attrlabl>
        <attrdef>Aquaculture Oregon Notes</attrdef>
        <attrdefs>NOAA Office for Coastal Management</attrdefs>
        <attrdomv>
          <udom>Oregon specific notes regarding use.</udom>
        </attrdomv>
      </attr>
      <attr>
        <attrlabl>aquacultureWashington</attrlabl>
        <attrdef>Aquaculture Washington Notes</attrdef>
        <attrdefs>NOAA Office for Coastal Management</attrdefs>
        <attrdomv>
          <udom>Washington specific notes regarding use.</udom>
        </attrdomv>
      </attr>
      <attr>
        <attrlabl>marineDebrisIncludes</attrlabl>
        <attrdef>Marine Debris Includes</attrdef>
        <attrdefs>NOAA Office for Coastal Management</attrdefs>
        <attrdomv>
          <udom>Notes detailing what the use includes.</udom>
        </attrdomv>
      </attr>
      <attr>
        <attrlabl>marineDebrisExcludes</attrlabl>
        <attrdef>Marine Debris Excludes</attrdef>
        <attrdefs>NOAA Office for Coastal Management</attrdefs>
        <attrdomv>
          <udom>Notes detailing what the use excludes.</udom>
        </attrdomv>
      </attr>
      <attr>
        <attrlabl>marineDebrisOregon</attrlabl>
        <attrdef>Marine Debris Oregon Notes</attrdef>
        <attrdefs>NOAA Office for Coastal Management</attrdefs>
        <attrdomv>
          <udom>Oregon specific notes regarding use.</udom>
        </attrdomv>
      </attr>
      <attr>
        <attrlabl>marineDebrisWashington</attrlabl>
        <attrdef>Marine Debris Washington Notes</attrdef>
        <attrdefs>NOAA Office for Coastal Management</attrdefs>
        <attrdomv>
          <udom>Washington specific notes regarding use.</udom>
        </attrdomv>
      </attr>
      <attr>
        <attrlabl>militaryOperationsIncludes</attrlabl>
        <attrdef>Military Operations Includes</attrdef>
        <attrdefs>NOAA Office for Coastal Management</attrdefs>
        <attrdomv>
          <udom>Notes detailing what the use includes.</udom>
        </attrdomv>
      </attr>
      <attr>
        <attrlabl>militaryOperationsExcludes</attrlabl>
        <attrdef>Military Operations Excludes</attrdef>
        <attrdefs>NOAA Office for Coastal Management</attrdefs>
        <attrdomv>
          <udom>Notes detailing what the use excludes.</udom>
        </attrdomv>
      </attr>
      <attr>
        <attrlabl>militaryOperationsOregon</attrlabl>
        <attrdef>Military Operations Oregon Notes</attrdef>
        <attrdefs>NOAA Office for Coastal Management</attrdefs>
        <attrdomv>
          <udom>Oregon specific notes regarding use.</udom>
        </attrdomv>
      </attr>
      <attr>
        <attrlabl>militaryOperationsWashington</attrlabl>
        <attrdef>Military Operations Washington Notes</attrdef>
        <attrdefs>NOAA Office for Coastal Management</attrdefs>
        <attrdomv>
          <udom>Washington specific notes regarding use.</udom>
        </attrdomv>
      </attr>
      <attr>
        <attrlabl>miningMineralExtIncludes</attrlabl>
        <attrdef>Mining Mineral Extraction Includes</attrdef>
        <attrdefs>NOAA Office for Coastal Management</attrdefs>
        <attrdomv>
          <udom>Notes detailing what the use includes.</udom>
        </attrdomv>
      </attr>
      <attr>
        <attrlabl>miningMineralExtExcludes</attrlabl>
        <attrdef>Mining Mineral Extraction Excludes</attrdef>
        <attrdefs>NOAA Office for Coastal Management</attrdefs>
        <attrdomv>
          <udom>Notes detailing what the use excludes.</udom>
        </attrdomv>
      </attr>
      <attr>
        <attrlabl>miningMineralExtOregon</attrlabl>
        <attrdef>Mining Mineral Extraction Oregon Notes</attrdef>
        <attrdefs>NOAA Office for Coastal Management</attrdefs>
        <attrdomv>
          <udom>Oregon specific notes regarding use.</udom>
        </attrdomv>
      </attr>
      <attr>
        <attrlabl>miningMineralExtWashington</attrlabl>
        <attrdef>Mining Mineral Extraction Washington Notes</attrdef>
        <attrdefs>NOAA Office for Coastal Management</attrdefs>
        <attrdomv>
          <udom>Washington specific notes regarding use.</udom>
        </attrdomv>
      </attr>
      <attr>
        <attrlabl>oceanDumpingIncludes</attrlabl>
        <attrdef>Ocean Dumping Includes</attrdef>
        <attrdefs>NOAA Office for Coastal Management</attrdefs>
        <attrdomv>
          <udom>Notes detailing what the use includes.</udom>
        </attrdomv>
      </attr>
      <attr>
        <attrlabl>oceanDumpingExcludes</attrlabl>
        <attrdef>Ocean Dumping Excludes</attrdef>
        <attrdefs>NOAA Office for Coastal Management</attrdefs>
        <attrdomv>
          <udom>Notes detailing what the use excludes.</udom>
        </attrdomv>
      </attr>
      <attr>
        <attrlabl>oceanDumpingOregon</attrlabl>
        <attrdef>Ocean Dumping Oregon Notes</attrdef>
        <attrdefs>NOAA Office for Coastal Management</attrdefs>
        <attrdomv>
          <udom>Oregon specific notes regarding use.</udom>
        </attrdomv>
      </attr>
      <attr>
        <attrlabl>oceanDumpingWashington</attrlabl>
        <attrdef>Ocean Dumping Washington Notes</attrdef>
        <attrdefs>NOAA Office for Coastal Management</attrdefs>
        <attrdomv>
          <udom>Washington specific notes regarding use.</udom>
        </attrdomv>
      </attr>
      <attr>
        <attrlabl>offshoreAtlEnergyIncludes</attrlabl>
        <attrdef>Offshore Atlernative Energy Includes</attrdef>
        <attrdefs>NOAA Office for Coastal Management</attrdefs>
        <attrdomv>
          <udom>Notes detailing what the use includes.</udom>
        </attrdomv>
      </attr>
      <attr>
        <attrlabl>offshoreAtlEnergyExcludes</attrlabl>
        <attrdef>Offshore Atlernative Energy Excludes</attrdef>
        <attrdefs>NOAA Office for Coastal Management</attrdefs>
        <attrdomv>
          <udom>Notes detailing what the use excludes.</udom>
        </attrdomv>
      </attr>
      <attr>
        <attrlabl>offshoreAtlEnergyOregon</attrlabl>
        <attrdef>Offshore Atlernative Energy Oregon Notes</attrdef>
        <attrdefs>NOAA Office for Coastal Management</attrdefs>
        <attrdomv>
          <udom>Oregon specific notes regarding use.</udom>
        </attrdomv>
      </attr>
      <attr>
        <attrlabl>offshoreAtlEnergyWashington</attrlabl>
        <attrdef>Offshore Atlernative Energy Washington Notes</attrdef>
        <attrdefs>NOAA Office for Coastal Management</attrdefs>
        <attrdomv>
          <udom>Washington specific notes regarding use.</udom>
        </attrdomv>
      </attr>
      <attr>
        <attrlabl>cruiseShipsIncludes</attrlabl>
        <attrdef>Cruise Ships Includes</attrdef>
        <attrdefs>NOAA Office for Coastal Management</attrdefs>
        <attrdomv>
          <udom>Notes detailing what the use includes.</udom>
        </attrdomv>
      </attr>
      <attr>
        <attrlabl>cruiseShipsExcludes</attrlabl>
        <attrdef>Cruise Ships Excludes</attrdef>
        <attrdefs>NOAA Office for Coastal Management</attrdefs>
        <attrdomv>
          <udom>Notes detailing what the use excludes.</udom>
        </attrdomv>
      </attr>
      <attr>
        <attrlabl>cruiseShipsOregon</attrlabl>
        <attrdef>Cruise Ships Oregon Notes</attrdef>
        <attrdefs>NOAA Office for Coastal Management</attrdefs>
        <attrdomv>
          <udom>Oregon specific notes regarding use.</udom>
        </attrdomv>
      </attr>
      <attr>
        <attrlabl>cruiseShipsWashington</attrlabl>
        <attrdef>Cruise Ships Washington Notes</attrdef>
        <attrdefs>NOAA Office for Coastal Management</attrdefs>
        <attrdomv>
          <udom>Washington specific notes regarding use.</udom>
        </attrdomv>
      </attr>
      <attr>
        <attrlabl>shippingIncludes</attrlabl>
        <attrdef>Shipping Includes</attrdef>
        <attrdefs>NOAA Office for Coastal Management</attrdefs>
        <attrdomv>
          <udom>Notes detailing what the use includes.</udom>
        </attrdomv>
      </attr>
      <attr>
        <attrlabl>shippingExcludes</attrlabl>
        <attrdef>Shipping Excludes</attrdef>
        <attrdefs>NOAA Office for Coastal Management</attrdefs>
        <attrdomv>
          <udom>Notes detailing what the use excludes.</udom>
        </attrdomv>
      </attr>
      <attr>
        <attrlabl>shippingOregon</attrlabl>
        <attrdef>Shipping Oregon Notes</attrdef>
        <attrdefs>NOAA Office for Coastal Management</attrdefs>
        <attrdomv>
          <udom>Oregon specific notes regarding use.</udom>
        </attrdomv>
      </attr>
      <attr>
        <attrlabl>shippingWashington</attrlabl>
        <attrdef>Shipping Washington Notes</attrdef>
        <attrdefs>NOAA Office for Coastal Management</attrdefs>
        <attrdomv>
          <udom>Washington specific notes regarding use.</udom>
        </attrdomv>
      </attr>
      <attr>
        <attrlabl>underwaterPipelinesIncludes</attrlabl>
        <attrdef>Underwater Pipelines Includes</attrdef>
        <attrdefs>NOAA Office for Coastal Management</attrdefs>
        <attrdomv>
          <udom>Notes detailing what the use includes.</udom>
        </attrdomv>
      </attr>
      <attr>
        <attrlabl>underwaterPipelinesExcludes</attrlabl>
        <attrdef>Underwater Pipelines Excludes</attrdef>
        <attrdefs>NOAA Office for Coastal Management</attrdefs>
        <attrdomv>
          <udom>Notes detailing what the use excludes.</udom>
        </attrdomv>
      </attr>
      <attr>
        <attrlabl>underwaterPipelinesOregon</attrlabl>
        <attrdef>Underwater Pipelines Oregon Notes</attrdef>
        <attrdefs>NOAA Office for Coastal Management</attrdefs>
        <attrdomv>
          <udom>Oregon specific notes regarding use.</udom>
        </attrdomv>
      </attr>
      <attr>
        <attrlabl>underwaterPipelinesWashington</attrlabl>
        <attrdef>Underwater Pipelines Washington Notes</attrdef>
        <attrdefs>NOAA Office for Coastal Management</attrdefs>
        <attrdomv>
          <udom>Washington specific notes regarding use.</udom>
        </attrdomv>
      </attr>
      <attr>
        <attrlabl>underwaterCablesIncludes</attrlabl>
        <attrdef>Underwater Cables Includes</attrdef>
        <attrdefs>NOAA Office for Coastal Management</attrdefs>
        <attrdomv>
          <udom>Notes detailing what the use includes.</udom>
        </attrdomv>
      </attr>
      <attr>
        <attrlabl>underwaterCablesExcludes</attrlabl>
        <attrdef>Underwater Cables Excludes</attrdef>
        <attrdefs>NOAA Office for Coastal Management</attrdefs>
        <attrdomv>
          <udom>Notes detailing what the use excludes.</udom>
        </attrdomv>
      </attr>
      <attr>
        <attrlabl>underwaterCablesOregon</attrlabl>
        <attrdef>Underwater Cables Oregon Notes</attrdef>
        <attrdefs>NOAA Office for Coastal Management</attrdefs>
        <attrdomv>
          <udom>Oregon specific notes regarding use.</udom>
        </attrdomv>
      </attr>
      <attr>
        <attrlabl>underwaterCablesWashington</attrlabl>
        <attrdef>Underwater Cables Washington Notes</attrdef>
        <attrdefs>NOAA Office for Coastal Management</attrdefs>
        <attrdomv>
          <udom>Washington specific notes regarding use.</udom>
        </attrdomv>
      </attr>
    </detailed>
  </eainfo>
  <distinfo>
    <distrib>
      <cntinfo>
        <cntorgp>
          <cntorg>NOAA Office for Coastal Management</cntorg>
          <cntper>MarineCadastre.gov Data Steward</cntper>
        </cntorgp>
        <cntpos>MarineCadastre.gov Data Steward</cntpos>
        <cntaddr>
          <addrtype>mailing and physical address</addrtype>
          <address>2234 S Hobson Ave</address>
          <city>Charleston</city>
          <state>SC</state>
          <postal>29405</postal>
        </cntaddr>
        <cntvoice>843.740.1202</cntvoice>
        <cntemail>coastal.info@noaa.gov</cntemail>
      </cntinfo>
    </distrib>
    <resdesc>Downloadable Data</resdesc>
    <distliab>NOAA makes no warranties or representations whatsoever regarding the availability, quality, accuracy, content, completeness or suitability for the user’s needs of such information. The services, information, and data made available on the MarineCadastre.gov web site are provided ‘as is’ without warranties of any kind. These data are intended for coastal and ocean use planning. Not for navigation.</distliab>
  </distinfo>
  <metainfo>
    <metd>20151015</metd>
    <metc>
      <cntinfo>
        <cntorgp>
          <cntorg>NOAA Office for Coastal Management</cntorg>
          <cntper>MarineCadastre.gov Data Steward</cntper>
        </cntorgp>
        <cntpos>MarineCadastre.gov Data Steward</cntpos>
        <cntaddr>
          <addrtype>mailing and physical address</addrtype>
          <address>2234 S Hobson Ave</address>
          <city>Charleston</city>
          <state>SC</state>
          <postal>29405</postal>
        </cntaddr>
        <cntvoice>843.740.1202</cntvoice>
        <cntemail>coastal.info@noaa.gov</cntemail>
      </cntinfo>
    </metc>
    <metstdn>FGDC Content Standard for Digital Geospatial Metadata</metstdn>
    <metstdv>FGDC-STD-001-1998</metstdv>
  </metainfo>
</metadata>